question_id,exact_response,lower_limit,upper_limit,output_type,mv_1,mv_2,mv_3,mv_4,mv_5,mv_6,mv_7,mv_8
NumQ1,25.2381,23.97619,26.50001,decimal,25.2,25.2,25.2,25.2,25.2,25.2,25.2,25.2
NumQ2,38.0,36.1,39.9,decimal,38.0,38.0,38.0,38.0,38.0,38.0,38.0,38.0
NumQ3,57.68059,54.79656,60.56462,decimal,57.73,57.73,57.73,57.73,57.73,57.73,57.73,57.73
NumQ4,106.19185,100.88226,111.50144,decimal,106.2,106.2,106.2,106.2,106.2,106.2,106.2,
NumQ5,78.12231,74.21619,82.02843,decimal,78.1,78.1,78.1,78.1,78.1,78.1,78.1,78.1
NumQ6,83.93895,79.742,88.1359,decimal,83.9,83.9,83.9,83.9,83.9,83.9,83.9,83.9
NumQ7,55.625,52.84375,58.40625,decimal,55.6,55.6,55.6,55.6,55.6,55.6,55.6,55.6
NumQ8,35.33309,33.56644,37.09974,decimal,35.3,35.3,35.3,35.3,35.3,35.3,35.3,35.3
NumQ9,9.67083,9.18729,10.15437,decimal,9.7,9.7,9.7,9.7,9.7,9.7,9.7,
NumQ10,63.90115,60.70609,67.09621,decimal,63.9,63.9,63.9,63.9,63.9,63.9,,
NumQ11,10.01786,9.51697,10.51875,decimal,10.0,10.0,10.0,10.0,10.0,10.0,10.0,
NumQ12,64.81061,61.57008,68.05114,decimal,64.8,64.8,64.8,64.8,64.8,64.8,64.8,64.8
NumQ13,86.89835,82.55343,91.24327,decimal,86.8,86.8,86.8,86.8,86.8,86.8,86.8,86.8
NumQ14,21.93788,20.84099,23.03477,decimal,21.93,21.93,21.93,21.93,21.93,21.93,21.93,21.93
NumQ15,31.84454,30.25231,33.43677,decimal,31.84,31.84,31.84,31.84,31.84,31.84,31.84,31.84
NumQ16,52.66849,50.03507,55.30191,decimal,52.73,52.73,52.73,52.73,52.73,52.73,52.73,52.73
NumQ17,73.14863,69.4912,76.80606,decimal,73.1,73.1,73.1,73.1,73.1,73.1,73.1,73.1
NumQ18,6.07477,5.77103,6.37851,decimal,6.1,6.1,6.1,6.1,6.1,6.1,6.1,6.1
NumQ19,40.96504,38.91679,43.01329,decimal,41.0,41.0,41.0,41.0,41.0,41.0,,
NumQ20,63.27379,60.1101,66.43748,decimal,63.3,63.3,63.3,63.3,63.3,63.3,63.3,
NumQ21,7.45479,7.08205,7.82753,decimal,7.5,7.5,,,,,,
NumQ22,46.49254,44.16791,48.81717,decimal,46.5,46.5,46.5,,,,,
NumQ23,48.44101,46.01896,50.86306,decimal,48.5,48.5,48.5,48.5,,,,
NumQ24,23.42179,22.2507,24.59288,decimal,23.3,23.3,23.3,,,,,
NumQ25,24.32306,23.10691,25.53921,decimal,73.8,24.0,24.0,,,,,
NumQ26,70.21721,66.70635,73.72807,decimal,70.2,70.2,70.2,70.2,70.2,,,
NumQ27,25.65504,24.37229,26.93779,decimal,25.6,41.5,,,,,,
NumQ28,11.09459,10.53986,11.64932,decimal,11.1,11.1,,,,,,
NumQ29,4.90379,4.6586,5.14898,decimal,4.9,4.9,,,,,,
NumQ30,7.29346,6.92879,7.65813,decimal,8.06,7.3,,,,,,
NumQ31,28.13233,26.72571,29.53895,decimal,28.1,28.1,28.1,,,,,
NumQ32,6.49484,6.1701,6.81958,decimal,6.44,6.44,6.44,,,,,
NumQ33,41.1776,39.11872,43.23648,decimal,34.5,34.5,,,,,,
NumQ34,22.44331,21.32114,23.56548,decimal,21.0,22.5,,,,,,
NumQ35,68.04278,64.64064,71.44492,decimal,67.0,67.0,67.0,,,,,
NumQ36,49.1517,46.69411,51.60928,decimal,49.2,49.2,,,,,,
NumQ37,74.28511,70.57085,77.99937,decimal,74.0,74.0,74.0,74.0,74.0,74.0,,
NumQ38,43.78544,41.59617,45.97471,decimal,44.0,44.0,,,,,,
NumQ39,29.93751,28.44063,31.43439,decimal,29.9,29.9,29.9,,,,,
NumQ40,40.43277,38.41113,42.45441,decimal,38.0,38.0,,,,,,
NumQ41,4.0,4.0,4.0,integer,2.0,2.0,2.0,2.0,2.0,,,
NumQ42,5.0,5.0,5.0,integer,3.0,3.0,3.0,3.0,,,,
NumQ43,6.0,6.0,6.0,integer,4.0,4.0,4.0,4.0,,,,
NumQ44,4.0,4.0,4.0,integer,4.0,4.0,4.0,4.0,4.0,,,
NumQ45,5.0,5.0,5.0,integer,5.0,5.0,5.0,5.0,5.0,5.0,,
NumQ46,4.0,4.0,4.0,integer,4.0,4.0,4.0,4.0,4.0,4.0,4.0,
NumQ47,1.0,1.0,1.0,integer,1.0,1.0,1.0,1.0,1.0,1.0,1.0,
NumQ48,3.0,3.0,3.0,integer,3.0,3.0,3.0,3.0,3.0,3.0,3.0,
NumQ49,7.0,7.0,7.0,integer,6.0,6.0,6.0,6.0,6.0,,,
NumQ50,0.0,0.0,0.0,integer,0.0,0.0,0.0,0.0,0.0,0.0,0.0,
NumQ51,1.0,1.0,1.0,integer,1.0,3.0,1.0,,,,,
NumQ52,2.0,2.0,2.0,integer,2.0,2.0,2.0,2.0,2.0,2.0,2.0,2.0
NumQ53,5.0,5.0,5.0,integer,5.0,5.0,5.0,5.0,5.0,5.0,,
NumQ54,0.0,0.0,0.0,integer,0.0,0.0,0.0,0.0,0.0,0.0,,
NumQ55,0.0,0.0,0.0,integer,1.0,1.0,1.0,1.0,1.0,,,
NumQ56,0.0,0.0,0.0,integer,0.0,0.0,0.0,0.0,0.0,0.0,0.0,
NumQ57,3.0,3.0,3.0,integer,3.0,3.0,3.0,3.0,3.0,3.0,3.0,
NumQ58,6.0,6.0,6.0,integer,6.0,6.0,6.0,6.0,6.0,6.0,6.0,
NumQ59,4.0,4.0,4.0,integer,4.0,4.0,4.0,4.0,4.0,4.0,4.0,
NumQ60,6.0,6.0,6.0,integer,4.0,4.0,4.0,4.0,4.0,,,
NumQ61,100.0,95.0,105.0,decimal,100.0,100.0,100.0,100.0,100.0,100.0,100.0,100.0
NumQ62,56.66667,53.83334,59.5,decimal,56.7,56.7,56.7,56.7,56.7,56.7,56.7,56.7
NumQ63,111.33333,105.76666,116.9,decimal,111.33,111.33,111.33,111.33,111.33,111.33,111.33,111.33
NumQ64,70.0,66.5,73.5,decimal,70.0,70.0,70.0,70.0,70.0,70.0,70.0,70.0
NumQ65,75.33333,71.56666,79.1,decimal,75.3,75.3,75.3,75.3,75.3,75.3,75.3,75.3
NumQ66,78.66667,74.73334,82.6,decimal,78.7,78.7,78.7,78.7,78.7,78.7,78.7,78.7
NumQ67,90.0,85.5,94.5,decimal,90.0,90.0,90.0,90.0,90.0,90.0,90.0,90.0
NumQ68,100.0,95.0,105.0,decimal,100.0,100.0,100.0,100.0,100.0,100.0,100.0,100.0
NumQ69,96.0,91.2,100.8,decimal,96.0,96.0,96.0,96.0,96.0,96.0,96.0,96.0
NumQ70,68.33333,64.91666,71.75,decimal,68.33,68.33,68.33,68.33,68.33,68.33,68.33,68.33
